name,gender
Cyrill,boy
Cyrilla,girl
Azur,girl
Azura,girl
Azure,girl
Azarious,boy
Azaryah,boy
Azaryahu,boy
Azia,unisex
Azim,boy
Aziz,boy
Azize,unisex
Azizi,unisex
Azriel,boy
Azuka,girl
Dynadin,boy
Dynah,girl
Dynasty,girl
Dyre,unisex
Dyson,boy
Dyumani,boy
Izreal,boy
Izso,girl
Izusa,girl
Izza-al-din,boy
Izzy,girl
Fruma,girl
Frye,boy
Fu,boy
Fuad,boy
Fuchsia,boy
Fuensanta,girl
Fugeltun,boy
Fulaton,boy
Fulbright,boy
Fuller,boy
Fullere,boy
Fulton,boy
Fulvia,girl
Fuyu,girl
Fyfa,girl
Fyfe,boy
Fynballa,girl
Fyodor,boy
F`enton,boy
Hwitloc,boy
Hy,boy
Hyatt,boy
Hynda,girl
Hypatia,girl
Hyroniemus,boy
Ezra,unisex
Owain,boy
Owen,boy
Owin,boy
Owyn,boy
Oxford,boy
Oxley,boy
Oxnaford,boy
Oxnaleah,boy
Oxnatun,boy
Oxton,boy
Eydie,girl
Eyota,girl
Eyou,boy
Eytan,boy
Ezechiel,boy
Ezeckiel,boy
Ezekiel,boy
Ezequiel,boy
Ezio,boy
Ezmeralda,girl
Kylar,boy
Kyle,unisex
Kylen,boy
Kyler,boy
Kyndall,girl
Kyrell,boy
Faun,girl
Fauna,girl
Faunia,girl
Faunus,unisex
Fauve,girl
Favian,boy
Favio,boy
Fawn,girl
Fawna,girl
Fawne,girl
Parisa,girl
Parisch,boy
Parke,boy
Parker,boy
Parkin,boy
Parkins,boy
Parkinson,boy
Parlan,boy
Parle,boy
Parr,boy
Pusti,girl
Putnam,boy
Pwyll,boy
Pyn,boy
Pyt,boy
Nudd,boy
Nulte,boy
Nulty,boy
Nuray,girl
Nurit,girl
Nurita,girl
Nuttah,girl
Nyack,boy
Nydia,girl
Nyle,boy
Prunella,girl
Prunellie,girl
Prydwyn,girl
Pryor,boy
Psyche,girl
Puebla,girl
Pueblo,boy
Pundarik,boy
Purujit,boy
Pusan,boy
Nynette,girl
Nyneve,girl
Nyree,girl
Nataniel,boy
Nataniella,girl
Natasha,girl
Nate,boy
Nathalia,girl
Nathalie,girl
Nathan,boy
Nathanael,boy
Nathania,girl
Nathanial,boy
Quinton,boy
Quintrell,boy
Quitina,girl
Nardo,boy
Narella,girl
Narelle,girl
Narmada,girl
Nashwa,girl
Nasiche,girl
Nat,boy
Nata,girl
Nataile,girl
Natal,boy
Quinby,boy
Quincy,boy
Quinella,girl
Quinevere,girl
Quinn,unisex
Quint,boy
Quinta,girl
Quintana,girl
Quintessa,girl
Quintina,girl
Quennel,boy
Quennell,boy
Quent,boy
Quentin,boy
Quenton,boy
Quentrell,boy
Querida,girl
Quesnel,boy
Quigley,boy
Quimby,boy
Natala,girl
Natale,girl
Natalee,girl
Natalia,girl
Natalie,girl
Natalina,girl
Natalio,boy
Natanael,boy
Natane,girl
Natania,girl
Naois,boy
Naoko,girl
Naolin,boy
Naomi,girl
Napea,girl
Napier,boy
Napoleon,boy
Nara,girl
Narah,girl
Narda,girl
Nadira,girl
Nadirah,girl
Naeve,girl
Nafeeza,girl
Nahoko,girl
Naia,girl
Naiara,girl
Naida,girl
Naima,girl
Naimah,girl
Nanette,girl
Nani,girl
Nanine,girl
Nann,girl
Nannette,girl
Nanny,girl
Nanon,girl
Nansen,boy
Nantale,girl
Nantres,boy
Nanako,girl
Nancey,girl
Nanci,girl
Nancie,girl
Nancy,girl
Nancye,girl
Nanda,girl
Nanelia,girl
Nanelle,girl
Nanetta,girl
Naina,girl
Nainsi,girl
Nairna,girl
Nairne,girl
Nalani,girl
Nalini,girl
Namid,girl
Namiko,girl
Nan,girl
Nana,girl
Mutsuko,girl
Mya,girl
Myfanwy,girl
Myiesha,girl
Mylnburne,boy
Myra,girl
Myriam,girl
Myrna,girl
Myron,boy
Myrtle,girl
Mackenzie,unisex
Mackenzy,boy
Mackinlea,boy
Mackinleah,boy
Mackinlee,boy
Mackinley,boy
Mackinli,boy
Mackinliegh,boy
Mackinly,boy
Mackinnon,boy
Mulcahy,boy
Munro,boy
Munroe,boy
Muraco,boy
Murial,girl
Muriel,girl
Murray,boy
Murtagh,boy
Musa,boy
Musetta,girl
Macmillan,boy
Macmurra,boy
Macon,boy
Macpherson,boy
Macquaid,boy
Macquarrie,boy
Macrae,boy
Macray,boy
Macy,boy
Maddie,girl
Mackintosh,boy
Macklean,boy
Macklin,boy
Macklyn,boy
Mackynleah,boy
Maclachlan,boy
Maclaine,boy
Maclaren,boy
Maclean,boy
Macleod,boy
Mac,unisex
Macadam,boy
Macai,boy
Macalaster,boy
Macalister,boy
Macallister,boy
Macalpin,boy
Macalpine,boy
Macandrew,boy
Macartan,boy
Mackadam,boy
Mackalister,boy
Mackay,boy
Mackaye,boy
Mackbeth,boy
Mackdonald,boy
Mackdougall,boy
Mackendrick,boy
Mackenzee,boy
Mackenzi,boy
Macgowan,boy
Macgregor,boy
Macha,girl
Machau,boy
Machi,girl
Machiko,girl
Macia,girl
Macintosh,boy
Maciver,boy
Mack,boy
Maccoll,boy
Maccormack,boy
Macdonald,boy
Macdonell,boy
Macdougal,boy
Mace,boy
Macelroy,boy
Macerio,boy
Macewen,boy
Macfarlane,boy
Paschal,boy
Pasclina,girl
Pascual,boy
Pasqual,boy
Pasquale,boy
Pat,unisex
Patience,girl
Patric,boy
Patricio,boy
Patten,boy
Macarten,boy
Macarthur,boy
Macaulay,boy
Macauliffe,boy
Macay,boy
Macbain,boy
Macbean,boy
Macbeth,boy
Maccallum,boy
Maccloud,boy
Pedro,boy
Peg,girl
Pegeen,girl
Peirce,boy
Pelagia,girl
Pelles,boy
Pellinore,boy
Pemba,girl
Penarddun,girl
Pendragon,boy
Payat,boy
Payatt,boy
Payton,unisex
Peaches,girl
Peada,boy
Pearce,boy
Pearl,girl
Pearroc,boy
Pearson,boy
Pebbles,girl
Parrish,boy
Parry,boy
Parsifal,boy
Parthivi,girl
Parvani,girl
Parvati,girl
Pascal,boy
Pascala,girl
Pascale,unisex
Pascaline,girl
Pattin,boy
Patton,boy
Pauloc,boy
Paulson,boy
Pavati,girl
Pavi,girl
Pawk,boy
Pax,unisex
Paxton,boy
Paxtun,boy
Pancrazio,boy
Pandora,girl
Pankaj,boy
Panos,boy
Pansy,girl
Panthea,unisex
Panya,girl
Panyin,unisex
Paramartha,boy
Paris,unisex
Palmer,boy
Palmira,girl
Palomydes,boy
Palsmedes,boy
Palti,boy
Pam,girl
Pamela,girl
Pamella,girl
Pamuy,girl
Pancho,boy
Otis,boy
Ottavia,girl
Otthild,girl
Otthilda,girl
Otthilde,girl
Ottokar,boy
Ourson,boy
Ovadiah,boy
Ovadya,boy
Ove,girl
Oliver,boy
Oliverio,boy
Oliverios,boy
Olivia,girl
Olivier,boy
Olney,boy
Olwen,girl
Olwyn,girl
Olympe,girl
Olympia,girl
Oldwin,girl
Oldwina,girl
Oldwyn,girl
Olesia,girl
Oletha,girl
Olexa,girl
Olga,girl
Olinda,girl
Oliphant,boy
Olive,girl
Ogin,girl
Ohanna,girl
Ohcumgache,boy
Oifa,girl
Oihane,girl
Oilell,girl
Okelani,girl
Okes,boy
Oksana,girl
Olayinka,girl
Odwolfe,boy
Odwulf,boy
Ody,boy
Offa,boy
Ogden,boy
Ogdon,boy
Ogelsby,boy
Ogelsvie,boy
Ogelsvy,boy
Ogilvie,boy
Odiane,girl
Odila,girl
Odile,girl
Odilia,girl
Odin,boy
Odo,boy
Odom,boy
Odon,boy
Odran,boy
Odwolf,boy
Octavia,girl
Octavie,girl
Octavio,boy
Octavius,boy
Octha,boy
Octivia,girl
Ocvran,boy
Oda,girl
Odahingum,girl
Odale,boy
Odam,boy
Odanda,girl
Odanodan,boy
Odayle,boy
Odele,girl
Odeletta,girl
Odelette,girl
Odelia,girl
Odelina,girl
Odelinda,girl
Kuhlbert,boy
Kulbart,boy
Kund,boy
Kuno,boy
Kunz,boy
Kurt,boy
Kusagra,boy
Kush,boy
Kye,boy
Kylan,boy
Kallita,boy
Kally,girl
Kalman,boy
Kalonice,girl
Kam,boy
Kamadev,boy
Kamakshi,girl
Kamal,boy
Kamaria,girl
Kambo,girl
Odella,girl
Odelle,girl
Odelyn,girl
Odelyna,girl
Odessa,girl
Odetta,girl
Odette,girl
Odhran,boy
Odi,boy
Odiana,girl
Kantha,girl
Kaori,girl
Karcsi,girl
Kardal,boy
Kardeiz,boy
Kareah,unisex
Kareef,boy
Karel,boy
Karen,girl
Karena,girl
Kaede,girl
Kaedee,boy
Kaelah,girl
Kaelee,girl
Kaelen,girl
Kaelin,girl
Kaelyn,girl
Kagan,boy
Kahli,girl
Kai,unisex
Kari,unisex
Karif,boy
Karim,boy
Karima,girl
Karin,girl
Karisma,girl
Karissa,girl
Karl,boy
Karla,girl
Karlee,girl
Kambria,girl
Kamden,boy
Kameko,girl
Kamelia,girl
Kameron,unisex
Kamilah,girl
Kamilia,girl
Kamron,boy
Kamryn,girl
Kanaye,boy
Kale,boy
Kalen,boy
Kali,unisex
Kalidas,boy
Kalil,boy
Kalila,girl
Kalkin,boy
Kalle,boy
Kallie,girl
Kallista,girl
Kanchana,girl
Kandace,girl
Kandee,girl
Kandi,girl
Kandice,girl
Kane,unisex
Kanene,girl
Kaniel,boy
Kanika,girl
Kannelite,girl
Lauretta,girl
Laurian,boy
Lauriano,boy
Laurinda,girl
Laveda,girl
Lavender,girl
Laverne,girl
Lavina,girl
Lavinia,girl
Lavonn,girl
Kaikara,boy
Kaili,girl
Kaimi,girl
Kairos,girl
Kakra,girl
Kala,girl
Kalama,girl
Kalan,unisex
Kalanit,girl
Kalare,girl
Lysias,unisex
Lyssa,girl
Lancdon,boy
Lancelot,boy
Lander,boy
Landers,boy
Landis,boy
Landon,boy
Langdon,boy
Langford,boy
Langleah,boy
Langley,boy
Lynn,girl
Lynna,girl
Lynne,girl
Lynsey,girl
Lyonesse,girl
Lyre,boy
Lyris,girl
Lysa,girl
Lysander,boy
Lysandra,boy
Lauralee,girl
Lauralyn,girl
Laurana,girl
Laureen,girl
Laurel,girl
Lauren,girl
Laurence,boy
Laurencia,girl
Laurent,boy
Laurenz,boy
Laryssa,girl
Lateefah,girl
Latifah,girl
Latimer,boy
Lauchlan,boy
Laudegrance,boy
Launcelot,boy
Launder,boy
Laura,girl
Lauraine,girl
Eddison,boy
Eddrick,boy
Eddy,unisex
Ede,boy
Edee,girl
Edeen,girl
Edelina,girl
Edeline,girl
Eden,unisex
Edena,girl
Laraine,girl
Laren,boy
Larenzo,boy
Lari,girl
Laria,girl
Larissa,girl
Lark,girl
Larraine,girl
Larry,boy
Larue,boy
Lamar,unisex
Lamarr,boy
Lambert,boy
Lamberto,boy
Lambrecht,boy
Lambrett,boy
Lamond,boy
Lamorak,boy
Lamorat,boy
Lan,girl
Langston,boy
Lani,girl
Lanikai,girl
Lanny,boy
Lanston,boy
Lantana,girl
Lantos,boy
Laoghaire,boy
Lapu,boy
Lara,girl
Echo,girl
Eckerd,boy
Ector,boy
Ed,boy
Eda,unisex
Edalene,girl
Edan,boy
Edana,girl
Eddie,unisex
Eddis,boy
Ebenezer,boy
Eberhard,boy
Eberhardt,boy
Ebhanan,boy
Ebony,girl
Ebrahim,boy
Eburhardt,boy
Eburscon,boy
Ecchumati,girl
Ecgfrith,boy
Lael,girl
Laela,girl
Laibrook,boy
Laidley,boy
Laila,girl
Lailie,girl
Laine,unisex
Lakeland,boy
Lakshman,boy
Lalo,girl
Earline,girl
Early,girl
Earnest,boy
Eartha,girl
Earvin,boy
Earwine,boy
Earwyn,boy
Earwyna,girl
Eashana,boy
Eashwara chandra,boy
Easter,girl
Easton,boy
Eastre,girl
Eathelin,girl
Eathellreda,girl
Eathelyn,girl
Eaton,boy
Eatun,boy
Eavan,girl
Ebba,girl
Eallison,boy
Eames,boy
Eamon,boy
Eanraig,boy
Eanruig,boy
Ear,boy
Eara,girl
Earie,boy
Earlena,girl
Earlina,girl
Eadwyn,boy
Eagan,boy
Eairrdsidh,boy
Eakant,boy
Ealasaid,girl
Ealdian,boy
Ealdun,boy
Ealdwode,boy
Ealhdun,boy
Eallair,boy
Justino,boy
Justis,boy
Justus,boy
Justyne,girl
Jyl,girl
Jyll,girl
Jyllina,girl
Jyotika,girl
Jyotsna,girl
Eadmund,boy
Eadoin,boy
Eadric,boy
Eadsele,boy
Eadward,boy
Eadwardsone,boy
Eadweald,boy
Eadweard,boy
Eadwiella,boy
Eadwine,boy
Jago,boy
Jaguar,boy
Jahmai,unisex
Jahzara,girl
Jai,boy
Jaicee,girl
Jaida,girl
Jaidan,boy
Jaiden,boy
Jaidev,boy
Jurgen,boy
Jurre,boy
Jussi,boy
Justain,boy
Justeen,girl
Justeene,girl
Justene,girl
Justice,boy
Justin,boy
Justine,girl
Jacey,unisex
Jaci,girl
Jacie,unisex
Jacinda,girl
Jacinta,girl
Jacinthe,girl
Jacinto,boy
Jack,boy
Jackee,girl
Jacki,unisex
Jaidira,girl
Jaime,unisex
Jaimee,girl
Jaimelynn,girl
Jaimi,girl
Jaimica,girl
Jaimie,girl
Jaimin,unisex
Jaina,girl
Jaine,girl
Jacques,boy
Jacqui,girl
Jacquline,girl
Jacy,boy
Jada,girl
Jade,girl
Jaden,boy
Jader,boy
Jadira,girl
Jadon,boy
Jacque,girl
Jacqueleen,boy
Jacquelin,boy
Jacquelina,girl
Jacqueline,girl
Jacquelyn,girl
Jacquelyne,girl
Jacquelynne,girl
Jacquenetta,girl
Jacquenette,girl
Jafaru,boy
Jag,boy
Jagadamba,girl
Jagadeep,boy
Jagadhidh,boy
Jagajeet,boy
Jagajeevan,boy
Jagannath,boy
Jagger,boy
Jagmohan,boy
Jady,girl
Jadyn,girl
Jae,unisex
Jaedon,boy
Jael,unisex
Jaeleah,girl
Jaena,girl
Jaenette,girl
Jaeson,boy
Jafar,boy
Hallwell,boy
Halsey,boy
Halsig,boy
Halstead,boy
Halton,boy
Hama,girl
Hameed,boy
Hamelstun,boy
Hamia,girl
Hamid,boy
Huyana,girl
Huyen,girl
Hwaeteleah,boy
Hweolere,boy
Hwertun,boy
Hwitby,boy
Hwitcomb,boy
Hwitcumb,boy
Hwitford,boy
Hwithloew,boy
Jackie,unisex
Jackleen,girl
Jacklynn,girl
Jackson,boy
Jacky,boy
Jaclyn,girl
Jacob,boy
Jacoba,girl
Jacobe,boy
Jacqualine,girl
Halifrid,girl
Haligwiella,boy
Halim,boy
Hall,boy
Hallam,unisex
Halley,girl
Hallfrita,girl
Halli,girl
Hallie,girl
Halliwell,boy
Haleigha,girl
Halette,girl
Haley,girl
Halford,boy
Halfrid,girl
Halfrida,girl
Halfrita,girl
Halfrith,girl
Halfryta,girl
Hali,girl
Halbart,boy
Halbert,boy
Halburt,boy
Haldane,boy
Halden,boy
Haldis,girl
Hale,unisex
Halebeorht,boy
Halee,boy
Haleigh,girl
Haileigh,girl
Hailey,girl
Hailo,girl
Haimi,girl
Haines,boy
Hajime,boy
Hakan,boy
Hakeem,boy
Hakidonmuya,girl
Hal,boy
Hadrian,boy
Hadu,girl
Hadwin,boy
Hadwyn,boy
Hadya,girl
Haele,boy
Haethowine,boy
Hafina,girl
Hafryn,girl
Hafwen,girl
Hagaleah,boy
Hagalean,boy
Hagan,boy
Hagaward,boy
Hagen,boy
Hagley,boy
Hagly,boy
Hahkethomemah,boy
Haig,boy
Hailee,girl
Iwdael,boy
Ixaka,boy
Ixchel,girl
Ixidor,boy
Izaak,boy
Izabella,girl
Izar,girl
Izazkun,girl
Izefia,girl
Izett,girl
Hadassah,girl
Hadden,boy
Haddon,boy
Haden,boy
Hadi,boy
Hadiya,girl
Hadlee,girl
Hadleigh,unisex
Hadley,unisex
Hadon,boy
Ilom,boy
Ilona,unisex
Iloneie,girl
Ilori,girl
Ilsa,girl
Ilse,girl
Ilya,boy
Ima,girl
Iman,unisex
Imanol,boy
Ilena,girl
Ilene,girl
Ilesh,boy
Ilia,girl
Iliana,unisex
Ilias,boy
Ilithya,girl
Illias,boy
Illtud,boy
Ilo,boy
Ige,boy
Igerne,girl
Iggi,boy
Iggy,boy
Igor,boy
Igraine,girl
Igrayne,girl
Ihab,boy
Iiia,girl
Iiithya,girl
Imelda,girl
Immaculada,girl
Immanuel,boy
Imre,boy
Inara,girl
Inbal,boy
Inda,girl
Indeever,boy
India,unisex
Indiana,unisex
Idona,girl
Idra,girl
Idurre,girl
Ierne,girl
Iestyn,boy
Ieuaf,boy
Ieuan,boy
Ifama,girl
Ife,boy
Iftikhar,boy
Idalia,girl
Idan,unisex
Idana,girl
Idania,girl
Idaya,girl
Ideh,unisex
Idetta,girl
Idette,girl
Idoia,girl
Idola,unisex
Ike,boy
Ikia,girl
Ila,girl
Ilan,boy
Ilana,unisex
Ilandere,girl
Ilanit,girl
Ilaria,unisex
Ildiko,unisex
Ileanna,girl
Ganaraj,boy
Gandhamadhan,boy
Gandharva,boy
Ganesa,girl
Ganesh,boy
Ganga,girl
Gangadutt,boy
Gangeva,boy
Ganieda,girl
Gann,boy
Gwynham,boy
Gwynlais,boy
Gwynllyw,boy
Gwynn,girl
Gwynne,girl
Gyaneshwar,boy
Gytha,girl
Gzifa,girl
Ibeamaka,boy
Ibernia,girl
Ibhanan,boy
Iblis,girl
Ibrahim,boy
Ichabod,boy
Ida,unisex
Idaia,girl
Idal,boy
Idalee,girl
Gwydion,boy
Gwylfa,boy
Gwylfai,girl
Gwyn,girl
Gwynallt,boy
Gwyndaf,boy
Gwyndolin,girl
Gwyneira,girl
Gwyneth,girl
Gwynfor,boy
Gaganvihari,boy
Gage,boy
Gahariet,boy
Gaheris,boy
Gahmuret,boy
Gail,unisex
Gaila,girl
Gaile,unisex
Gaines,girl
Gairbith,boy
Gallia,girl
Galochka,girl
Galtero,boy
Galton,boy
Galvarium,boy
Galya,girl
Gamada,girl
Gamal,boy
Gamaliel,boy
Gamma,girl
Galeun,boy
Gali,girl
Galia,girl
Galiana,girl
Galiena,girl
Galiene,girl
Galila,girl
Galilah,girl
Galina,girl
Galla,girl
Galatyn,boy
Galav,boy
Gale,unisex
Galea,girl
Galen,girl
Galena,girl
Galenia,girl
Galenka,girl
Galeno,boy
Galeron,boy
Gaea,girl
Gael,unisex
Gaenor,girl
Gaerwn,unisex
Gaetan,boy
Gaetana,girl
Gaetane,girl
Gaetano,boy
Gagan vihari,boy
Gaganachandra,boy
Gais,boy
Gaizka,boy
Gajamuka,boy
Gajanan,boy
Gajendra,girl
Gala,girl
Galahad,boy
Galahalt,boy
Galahault,boy
Galantyne,boy
Farlane,boy
Farleigh,boy
Farley,unisex
Farlow,boy
Farly,boy
Farnall,boy
Farnell,boy
Farnham,boy
Farnly,boy
Faro,boy
Farold,boy
Farquhar,boy
Farquharson,boy
Farrah,girl
Farrs,boy
Fars,boy
Farson,boy
Faruq,boy
Fatima,girl
Fatimah,girl
Gabriele,girl
Gabriell,girl
Gabriella,girl
Gabrielle,girl
Gabrielo,boy
Gabrio,boy
Gaby,girl
Gad,boy
Gadi,boy
Gadiel,boy
Fang,boy
Fani,girl
Fanni,girl
Fannia,girl
Fanny,girl
Fanya,girl
Faoiltiam,girl
Faoiltiama,girl
Farica,girl
Farlan,boy
Cyngen,boy
Cynhard,boy
Cynric,boy
Cynthia,girl
Cyntia,girl
Cynyr,boy
Cyprian,boy
Cyrano,boy
Cyrene,girl
Cyrenius,boy
Fairly,unisex
Faith,girl
Fakhr,boy
Falak,boy
Falala,girl
Falcon,boy
Faleiry,girl
Falguni,boy
Falicia,boy
Faline,girl
Falk,boy
Falke,boy
Falken,boy
Falkner,boy
Fallon,girl
Fallyn,girl
Falon,girl
Fanceen,girl
Fanetta,girl
Fanette,girl
Fahd,boy
Fahey,boy
Fahim,boy
Fahy,boy
Fai,boy
Faiga,girl
Fainche,girl
Faing,boy
Fairleigh,boy
Fairlie,boy
Calibome,boy
Calibor,boy
Calibum,boy
Calibumus,boy
Calida,girl
Calin,boy
Calinda,girl
Calista,girl
Calisto,boy
Calix,boy
Fabrizio,boy
Fabunni,boy
Fabyan,boy
Fachnan,boy
Fadi,boy
Fadl,boy
Fae,girl
Faerrleah,boy
Faerwald,boy
Fagan,boy
Caldwiella,boy
Cale,boy
Caleb,boy
Caledonia,girl
Caleigh,girl
Calen,boy
Caley,unisex
Calian,boy
Caliana,girl
Calibom,boy
Caith,boy
Caitir,girl
Caitlan,girl
Caitland,girl
Caitlin,girl
Caitlinn,girl
Caitlyn,girl
Caitlynn,girl
Caitriona,girl
Caja,girl
Caimile,girl
Cainan,boy
Caindale,boy
Caine,unisex
Cairbre,boy
Cairistiona,girl
Cairo,unisex
Cairoshell,boy
Caiseal,boy
Cait,girl
Caesar,boy
Cafall,boy
Cagney,unisex
Cahal,boy
Cai,girl
Caia,girl
Cailean,girl
Cailee,girl
Cailin,girl
Cailyn,girl
Cal,boy
Cala,girl
Calais,girl
Calan,boy
Calantha,girl
Calanthe,girl
Calbert,boy
Calder,boy
Caldre,boy
Caldwell,boy
Cady,unisex
Caedmon,boy
Caedwalla,boy
Cael,boy
Caelan,boy
Caeley,girl
Caelin,boy
Caelyn,girl
Caerleon,boy
Caersewiella,boy
Byme,boy
Byram,boy
Byrdene,girl
Byreleah,boy
Byrnes,boy
Byron,boy
Byrtel,boy
Caddarik,boy
Caddawyc,boy
Cadeo,boy
Cadeyrn,boy
Cadfan,boy
Cadha,girl
Cadi,girl
Cadie,girl
Cador,boy
Cadwallon,boy
Ballari,girl
Ballinamore,boy
Ballindeny,boy
Balmoral,boy
Balram,boy
Baltasar,boy
Balthasar,boy
Bama,boy
Bamard,boy
Bamey,boy
Baldwyn,boy
Bale,boy
Balen,boy
Balendin,boy
Balfour,boy
Bali,boy
Balin,boy
Balindra,boy
Balint,boy
Ballard,unisex
Baldasarre,boy
Balder,boy
Baldev,boy
Baldhart,girl
Baldhere,boy
Baldric,boy
Baldrich,boy
Balduin,boy
Baldulf,boy
Baldwin,boy
Burnson,boy
Bursone,boy
Burt,boy
Burton,boy
Buthainah,girl
Buthaynah,girl
Butrus,boy
Butterfly,girl
Buzz,boy
Byford,boy
Balaaditya,boy
Balachandra,boy
Baladev,boy
Balaji,boy
Balakrishna,boy
Balamani,boy
Balamohan,boy
Balaram,boy
Balark,boy
Balasi,boy
Bahul,boy
Bahula,girl
Bahuman,boy
Bahushruta,boy
Baigh,boy
Bailee,girl
Bailey,unisex
Bailoch,boy
Baily,boy
Bainbridge,boy
Bainbrydge,boy
Baingana,boy
Baird,boy
Bakhit,boy
Bakhsh,boy
Bakht,boy
Bakr,boy
Bakul ,unisex
Bakula,girl
Bala,girl
Bacia,girl
Badal,boy
Badar,boy
Badarinath,boy
Badarish,boy
Badi,boy
Badrinath,boy
Badriprasad,boy
Badu,girl
Baen,boy
Baerhloew,boy
Baethan,boy
Bagdemagus,boy
Bageshri,girl
Baha,boy
Bahadur,boy
Bahari,boy
Bahij,boy
Bahjat,boy
Bahuda,girl
Dyan,girl
Dyanne,girl
Dyfan,boy
Dyfed,boy
Dyfi,girl
Dylan,unisex
Dylon,boy
Dymas,boy
Dymphna,girl
Dympna,girl
Damien,boy
Damion,boy
Damita,girl
Damon,boy
Dan,boy
Dana,girl
Danae,girl
Danah,girl
Danail,boy
Dane,boy
Damali,girl
Damalis,girl
Damara,girl
Damario,boy
Damaris,girl
Damen,boy
Damhnait,girl
Damia,girl
Damian,boy
Damiana,girl
Dahlia,girl
Dai,girl
Daia,girl
Daibhidh,boy
Dain,boy
Daina,girl
Daine,boy
Daisee,girl
Daisey,girl
Daisha,girl
Dallas,boy
Dallen,boy
Dallin,boy
Dallis,girl
Dalon,boy
Dalston,boy
Dalton,boy
Dalyell,boy
Dalyn,boy
Dalziel,boy
Dalena,girl
Dalene,girl
Dalenna,girl
Daley,boy
Dalia,girl
Daliah,girl
Dalil,boy
Dalis,girl
Dalit,boy
Daliyah,girl
Daisi,girl
Daisie,girl
Daisy,girl
Daizy,girl
Dakota,unisex
Dakotah,boy
Dal,boy
Dalan,boy
Dale,unisex
Dalen,boy
Dagmar,girl
Dagna,girl
Dagny,girl
Dagobert,boy
Dagoberto,boy
Dagomar,girl
Dagonet,boy
Daguenet,boy
Dagwood,boy
Dahana,boy
Daeg,boy
Daegal,boy
Daelan,boy
Daelyn,girl
Daena,girl
Daesgesage,girl
Dafne,girl
Dagan,boy
Daganya,girl
Daganyah,girl
Abhilash,boy
Abhimakar,boy
Abhiman,boy
Abhimanini,girl
Abhimanya,boy
Abhinandan,boy
Abhinandana,girl
Abhinav,boy
Abhinetri,girl
Abhinivesh,boy
Abhinivesha,girl
Abhiram,boy
Abhishek,boy
Abhivachan,boy
Abhivadak,boy
Abhivandan,boy
Abhivandya,boy
Abhramani,girl
Abhy,girl
Abi,girl
Abeytu,girl
Abha,girl
Abharika,girl
Abhay,boy
Abhayankari,girl
Abhichandra,boy
Abhidhar,boy
Abhijat,boy
Abhijit,boy
Abhikhya,girl
Abe,boy
Abedabun,girl
Abegayle,girl
Abejundio,boy
Abel,boy
Abell,boy
Abeni,girl
Abequa,girl
Abeque,girl
Abetzi,girl
Abd al hakim,boy
Abd al jabbar,boy
Abd al matin,boy
Abd al qadir,boy
Abd al rashid,boy
Abd al sami,boy
Abd er rahman,boy
Abdalla,boy
Abdallah,boy
Abdalrahman,boy
Abdhija,girl
Abdias,boy
Abdiel,boy
Abduh,boy
Abdukrahman,boy
Abdul,boy
Abdulkareem,boy
Abdulla,boy
Abdullah,boy
Abdulrahman,boy
Abiageal,girl
Abiba,girl
Abichail,girl
Abid,boy
Abie,unisex
Abigael,girl
Abigail,girl
Abigale,girl
Abigayle,girl
Abijah,boy
Abba,boy
Abban,boy
Abbey,girl
Abbi,girl
Abbie,girl
Abbot,boy
Abbotson,boy
Abby,girl
Abd al alim,boy
Abd al bari,boy
Ryman,boy
Ryoko,girl
Ryon,unisex
Ryozo,boy
Rysk,boy
Ryton,boy
Ryuichi,boy
Ryun,girl
Ryann,girl
Rycroft,boy
Rye,boy
Rygecroft,boy
Rygeland,boy
Rygemann,boy
Rylan,boy
Ryland,boy
Ryleigh,boy
Ryley,unisex
Ranfield,boy
Ranger,boy
Rangey,boy
Rangford,boy
Rangley,boy
Rani,unisex
Ranica,girl
Ranier,boy
Ranita,girl
Rankin,boy
Ramsden,boy
Ramsey,boy
Ramya,girl
Ramzey,boy
Ramzi,boy
Ranait,girl
Ranalt,girl
Rance,boy
Rand,boy
Randal,boy
Randale,boy
Randall,boy
Randel,boy
Randell,boy
Randkin,boy
Randolph,boy
Randon,boy
Randy,boy
Rane,unisex
Ranell,boy
Ralph,boy
Ram,boy
Ramanuja,boy
Rambert,boy
Ramla,girl
Ramon,boy
Ramona,girl
Ramond,boy
Ramone,boy
Ramsay,boy
Rainor,boy
Raissa,girl
Raivata,boy
Raizel,girl
Rajiv,boy
Raka,girl
Rakel,girl
Raleigh,boy
Ralf,boy
Rally,boy
Rafe,boy
Raff,boy
Ragnall,girl
Ragnhild,girl
Rai,girl
Raicheal,girl
Raidon,boy
Raimunda,girl
Rain,girl
Rainer,boy
Uzziel,boy
Uzziye,girl
Ursa,girl
Ursula,girl
Ursulina,girl
Usamah,boy
Uta,girl
Uther,boy
Uthman,boy
Utt,boy
Uzi,boy
Uzziah,boy
Uriah,unisex
Urian,boy
Uriana,girl
Urice,girl
Uriel,boy
Urien,boy
Uriens,boy
Urit,girl
Urjavaha,boy
Urquhart,boy
Xuxa,girl
Xylia,girl
Xylina,girl
Xylona,girl
Xyza,girl
Tyler,unisex
Tymon,boy
Tynan,boy
Tyree,boy
Tyreece,boy
Tyrel,boy
Tyrell,boy
Tyrone,boy
Tyrus,boy
Tyson,boy
Volney,boy
Von,girl
Vonna,girl
Vorsila,girl
Vortimer,boy
Vrinda,girl
Vruyk,boy
Tannor,boy
Tano,boy
Tansy,unisex
Tanton,boy
Tanya,girl
Tao,boy
Tapanga,girl
Tara,girl
Taralynn,girl
Tarasios,boy
Tziyon,boy
Tziyona,girl
Wynne,unisex
Wynnie,girl
Wynston,boy
Wynthrop,boy
Wynward,boy
Wystan,boy
Wyth,boy
Yvonna,girl
Yvonne,girl
Xenos,boy
Xerxes,boy
Xever,boy
Xevera,girl
Xeveria,girl
Ximen,boy
Ximon,boy
Ximun,boy
Xiomara,girl
Xiu mei,girl
Yukako,girl
Yukiko,girl
Yukio,boy
Yul,boy
Yule,boy
Yumiko,girl
Yuriko,girl
Yusef,boy
Yusuf,boy
Yvette,girl
Yocheved,girl
Yoel,boy
Yogi,boy
Yohann,boy
Yoko,girl
Yolanda,girl
Yolonda,girl
Yoman,boy
Yomaris,girl
Yordana,girl
York,boy
Yoseba,girl
Yosebe,girl
Yosepha,girl
Yosephina,girl
Yoshi,boy
Yoshiko,girl
Ysabel,girl
Yseult,girl
Ysolde,girl
Yehuda,boy
Yehudi,boy
Yejide,girl
Yelana,girl
Yelena,girl
Yelizavetam,girl
Yelysaveta,girl
Yemena,girl
Yemina,girl
Yenene,girl
Yeoman,boy
Yepa,girl
Yesmina,girl
Yeva,girl
Ygeme,girl
Yigil,boy
Yisreal,boy
Ynes,girl
Ynez,girl
Yoana,girl
Yaron,boy
Yasashiku,boy
Yasin,boy
Yasir,boy
Yasmine,girl
Yates,boy
Yedda,girl
Yedidiah,boy
Yehoash,boy
Yehoshua,boy
Yanamaria,girl
Yanamarie,girl
Yanis,boy
Yanni,boy
Yannick,boy
Yardenah,girl
Yardley,boy
Yarema,boy
Yaremka,boy
Yarin,boy
Wulfsige,boy
Wycliff,boy
Wylie,boy
Wylingford,boy
Wynchell,boy
Wynda,girl
Wyndam,boy
Wyndham,boy
Wynfield,boy
Wynfrith,boy
Wenda,girl
Wendell,boy
Wendi,girl
Wendie,girl
Wendy,girl
Wenhaver,girl
Wenona,girl
Wentworth,boy
Wera,girl
Wes,boy
Weslea,girl
Weslee,girl
Wesley,boy
Weslia,girl
Wessley,boy
West,boy
Westby,boy
Westcot,boy
Westcott,boy
Westen,boy
Watson,boy
Waverly,boy
Wayde,boy
Wayland,boy
Wayne,boy
Webster,boy
Weirley,boy
Welburn,boy
Welby,boy
Welch,boy
Weldon,boy
Welford,boy
Welles,boy
Wellington,boy
Wells,boy
Welma,girl
Welsh,boy
Welsie,girl
Welss,girl
Welton,boy
Wallis,unisex
Wally,boy
Walmond,boy
Walsh,boy
Walt,boy
Walten,boy
Walter,boy
Walton,boy
Walworth,boy
Walwyn,boy
Wanda,girl
Wanrrick,boy
Ward,boy
Wardell,boy
Wardley,boy
Ware,boy
Warian,boy
Warner,boy
Warren,boy
Washington,boy
Zion,boy
Ziona,girl
Zita,girl
Ziva,girl
Zizi,girl
Zohar,unisex
Zoila,girl
Zola,girl
Zoleen,girl
Zona,girl
Zurie,girl
Zuriel,unisex
Zuza,girl
Wakeley,boy
Wakeman,boy
Walborgd,girl
Walbridge,boy
Walby,boy
Walcott,boy
Waldemar,boy
Walden,boy
Waldo,boy
Waldon,boy
Waldrom,boy
Waldron,boy
Waleis,girl
Waleria,girl
Walford,boy
Walfred,boy
Walker,boy
Wallace,boy
Wallache,boy
Waller,boy
Zora,girl
Zorba,boy
Zotia,girl
Zsa zsa,girl
Zuhayr,boy
Zulema,unisex
Zulima,girl
Zuri,girl
Zuria,girl
Zuriaa,girl
Zemirah,girl
Zenaide,girl
Zenoa,boy
Zenobia,girl
Zephan,boy
Zephaniah,boy
Zerdali,girl
Zerlina,girl
Zerlinda,girl
Zeus,boy
Zarah,girl
Zarahlinda,girl
Zarya,girl
Zasha,girl
Zaviera,girl
Zavrina,girl
Zayeda,girl
Zaza,girl
Zdenka,girl
Zea,girl
Zeynep,girl
Zia,girl
Ziahon,girl
Zigana,girl
Zilya,girl
Zimra,unisex
Zimria,girl
Zina,girl
Zinaida,girl
Zinan,boy
Zaneta,girl
Zanetta,girl
Zani,boy
Zaniel,boy
Zanipolo,boy
Zanita,girl
Zanna,girl
Zanobi,boy
Zanthe,girl
Zara,girl
Zebina,girl
Zeke,boy
Zelda,girl
Zelenka,girl
Zelia,girl
Zelig,boy
Zelina,girl
Zelinda,girl
Zelma,girl
Zemil,girl
Zalia,girl
Zalika,girl
Zaltana,girl
Zama,girl
Zamir,boy
Zander,unisex
Zandra,girl
Zandria,girl
Zane,boy
Zanebono,boy
Verity,girl
Vern,boy
Vernay,boy
Verne,boy
Verner,boy
Vernon,boy
Veronica,girl
Vesna,girl
Vesta,girl
Vevay,girl
Zaida,girl
Zaim,boy
Zain,boy
Zaine,boy
Zaira,girl
Zak,boy
Zakari,boy
Zakary,boy
Zakia,girl
Zale,boy
Zachely,boy
Zack,boy
Zackary,boy
Zackery,boy
Zada,girl
Zafirah,girl
Zagros,girl
Zahara,girl
Zahid,boy
Zahra,girl
Viv,girl
Viveka,girl
Viviana,girl
Viviane,girl
Vivianna,girl
Vivianne,girl
Vivien,girl
Vivienne,girl
Voleta,girl
Volker,boy
Venetia,girl
Ventura,girl
Vera,girl
Verda,girl
Verddun,boy
Verdell,boy
Verena,girl
Verene,girl
Verge,boy
Verina,girl
Varick,boy
Varik,boy
Varney,boy
Varuni,girl
Vashni,unisex
Vasilios,boy
Vasilis,boy
Vasuman,boy
Vaughan,boy
Vayle,boy
Veda,girl
Vedetta,girl
Vedette,girl
Vega,girl
Velda,girl
Veleda,girl
Velma,girl
Vemados,boy
Venecia,girl
Venessa,girl
Valona,girl
Valonia,girl
Vana,girl
Vance,boy
Vanesa,girl
Vanessa,girl
Vanetta,girl
Vania,girl
Vanina,girl
Vanna,girl
Vannes,boy
Vannora,girl
Vanora,girl
Vanya,girl
Varda,girl
Vardan,boy
Varden,boy
Vardon,boy
Vareck,boy
Varek,boy
Valeray,boy
Valere,girl
Valerie,girl
Valese,girl
Valeska,girl
Valida,girl
Valisa,girl
Vallen,boy
Vallis,boy
Vallois,boy
Vale,unisex
Valeda,girl
Valence,girl
Valencia,girl
Valene,girl
Valentin,boy
Valentina,girl
Valentine,unisex
Valenzia,girl
Valera,girl
Takiyah,girl
Takoda,girl
Taksa,boy
Taksony,boy
Tal,unisex
Talasi,girl
Talbot,boy
Tale,girl
Talia,girl
Taliah,girl
Tancredo,boy
Taneli,boy
Tangerina,girl
Tangerine,girl
Tani,girl
Tania,girl
Tanika,girl
Tanis,girl
Tanner,boy
Tannere,boy
Tamesis,girl
Tami,girl
Tamiko,girl
Tamir,boy
Tamma,girl
Tammi,girl
Tammy,girl
Tamra,girl
Tamryn,girl
Tamsin,girl
Talori,girl
Talos,boy
Talulah,girl
Talya,girl
Tam,girl
Tama,girl
Tamali,girl
Tamar,unisex
Tamara,girl
Tamarah,girl
Sydnee,girl
Sydney,unisex
Sylvana,girl
Sylvester,boy
Sylvia,girl
Sylvie,girl
Sylvina,girl
Symeon,boy
Symington,boy
Symon,boy
Taliesin,boy
Talihah,girl
Talita,girl
Talitha,girl
Tallulah,girl
Tally,unisex
Talman,boy
Talmon,boy
Talon,boy
Talora,girl
Taci,girl
Tacinala,girl
Tacita,girl
Tacy,girl
Tad,boy
Tadako,girl
Taddeo,boy
Tahir,boy
Tahirah,girl
Tahlia,girl
Tahu,boy
Tai,unisex
Taillefer,boy
Tainn,girl
Taipa,girl
Tait,unisex
Taka,girl
Takako,girl
Takala,girl
Takara,girl
Salome,girl
Salomea,girl
Salomeli,girl
Saloni,girl
Salton,boy
Sam,unisex
Samah,girl
Samantha,girl
Samar,girl
Samara,girl
Symona,girl
Symontun,boy
Syna,girl
Synne,girl
Synnove,girl
Sandon,boy
Sandra,girl
Sandrea,girl
Sandrine,girl
Sandy,unisex
Sandya,girl
Sanersone,boy
Sanford,boy
Sangita,girl
Sanjna,girl
Samuel,boy
Samuela,girl
Samy,girl
Sanako,girl
Sanannah,girl
Sanborn,boy
Sanchay,girl
Sanders,boy
Sanderson,boy
Sandi,girl
Sami,unisex
Samien,boy
Samina,girl
Samir,unisex
Samira,girl
Samirah,girl
Samma,girl
Sammy,girl
Samson,boy
Samudra,boy
Sabinella,girl
Sabiny,girl
Sabra,girl
Sabrina,girl
Sacha,girl
Sachi,girl
Sachiel,boy
Sachiko,girl
Sade,girl
Sadira,girl
Salah,unisex
Salal,girl
Salford,boy
Salima,girl
Salimah,girl
Salina,girl
Salisbury,boy
Salma,unisex
Salman,boy
Saloma,girl
Sahir,unisex
Saida,girl
Saidah,girl
Saide,girl
Sakeri,unisex
Sakiko,girl
Sakti,girl
Sakura,girl
Sakurako,girl
Sal,unisex
Sadra,girl
Sadya,girl
Saeko,girl
Saffi,girl
Safford,boy
Saffron,girl
Sagar,boy
Sagara,girl
Sagirah,girl
Sahara,girl
Raedeman,boy
Raedmund,boy
Raedself,girl
Raedwald,boy
Raedwolf,boy
Raeka,girl
Raf,boy
Rafael,boy
Rafaela,girl
Rafal,boy
Una,girl
Undine,girl
Unn,girl
Unni,girl
Upendra,boy
Upshaw,boy
Urban,boy
Urbana,girl
Urbano,boy
Uri,boy
Ulrich,boy
Ulrika,girl
Ulrike,girl
Ultima,girl
Ululani,girl
Ulvelaik,boy
Ulysses,boy
Ulz,boy
Uma,girl
Ummi,girl
Ulicia,girl
Ulima,girl
Ulises,boy
Ulka,girl
Ulla,girl
Ullock,boy
Ullok,boy
Ulmar,boy
Ulmarr,boy
Ulrica,girl
Udolf,boy
Udolph,boy
Uilliam,boy
Ula,girl
Uland,boy
Ulbrecht,boy
Uldwyna,girl
Ulfred,boy
Ulger,boy
Uli,unisex
Radelia,girl
Radella,girl
Radford,boy
Radhika,girl
Radinka,girl
Radmund,boy
Radnor,boy
Radolph,boy
Rae,unisex
Raeburn,boy
